{"v": -2.3862613013915577, "nt": -3.419010611581643, "w": -2.640289868801696, "t": -2.6374163036059644, "n": -2.02180421701077, "p": -2.277947561510618, "ns": -2.376819409531138, "r": -2.195327384099559, "d": -3.777029942906369, "m": -2.7512616216273087, "nr": -2.2115954630647345, "j": -3.966552250885906, "a": -4.359895998461726, "l": -4.759355082509678, "nz": -4.979509094975522, "c": -3.963845889288163, "vn": -4.886916308147697, "z": -6.443361690441287, "s": -6.163776828222126, "u": -9.877348894926433, "Vg": -6.741854678997283, "i": -5.272178708938342, "b": -5.600682775910378, "ad": -5.834297627091884, "vd": -9.184201714366488, "f": -5.7184658115667615, "nx": -7.574763801932388, "Tg": -7.312399537464897, "Dg": -8.267910982492333, "y": -9.184201714366488, "e": -8.267910982492333, "Ag": -8.491054533806542, "an": -7.574763801932388, "Ng": -7.479453622128063, "o": -9.184201714366488, "q": -9.184201714366488}